"SR_LN(R0)","SR_BH_steep","Main_RecrDev_2008"
10.3723,0.579045,-0.126335
10.3758,0.578134,-0.120481
10.3714,0.579761,-0.114528
10.375,0.582328,-0.112789
10.3843,0.58234,-0.107222
10.4136,0.572004,-0.0958141
10.3943,0.578378,-0.109076
10.4176,0.573121,-0.0965635
10.4254,0.568527,-0.0982146
10.3931,0.574184,-0.116679
10.4165,0.56701,-0.109156
10.4007,0.57334,-0.10914
10.4073,0.571422,-0.111644
10.4082,0.568648,-0.118292
10.4089,0.572313,-0.107741
10.41,0.569912,-0.127856
10.4148,0.567378,-0.113189
10.4238,0.565891,-0.118799
10.4091,0.572498,-0.10721
10.4027,0.572999,-0.11158
10.3952,0.57305,-0.109702
10.3948,0.573681,-0.0965051
10.4057,0.569719,-0.0982576
10.4263,0.563297,-0.107588
10.4239,0.565205,-0.102474
10.411,0.57062,-0.101919
10.4011,0.577188,-0.0937753
10.3792,0.583324,-0.10112
10.3863,0.578682,-0.10592
10.3899,0.579992,-0.106607
10.3973,0.577593,-0.117575
10.3826,0.582267,-0.114225
10.3835,0.58556,-0.104862
10.397,0.579468,-0.0913903
10.3992,0.576791,-0.0956992
10.395,0.579639,-0.0993583
10.4056,0.576673,-0.105784
10.4085,0.574818,-0.119638
10.4233,0.575002,-0.1413
10.4428,0.567416,-0.134667
10.4264,0.580715,-0.130331
10.4187,0.578205,-0.142918
10.4268,0.5794,-0.132592
10.4409,0.577742,-0.137628
10.4383,0.579882,-0.142391
10.426,0.580713,-0.149726
10.4447,0.575482,-0.140996
10.4497,0.57113,-0.114629
10.4531,0.572382,-0.10527
10.4503,0.580017,-0.105625
10.4611,0.575785,-0.113994
10.4459,0.579688,-0.105924
10.4562,0.576056,-0.101552
10.442,0.582478,-0.0994087
10.4484,0.582907,-0.099179
10.4412,0.589046,-0.0924916
10.4425,0.591354,-0.0946141
10.4425,0.587029,-0.0860089
10.4266,0.594493,-0.0921662
10.4305,0.591814,-0.0726872
10.4475,0.588903,-0.0578564
10.4407,0.586484,-0.0604232
10.4436,0.590259,-0.0616541
10.4528,0.583093,-0.0581545
10.4521,0.58675,-0.0587169
10.4534,0.584516,-0.0478428
10.4696,0.584891,-0.0640161
10.4541,0.5908,-0.0527689
10.4299,0.59805,-0.0579897
10.4367,0.598107,-0.0307636
10.4365,0.595611,-0.00923343
10.4464,0.597371,-0.0218839
10.4361,0.602568,-0.013648
10.4359,0.596776,-0.0308464
10.4449,0.592459,-0.0304907
10.4482,0.58982,-0.0233911
10.4474,0.592598,-0.0331523
10.4544,0.589597,-0.0465379
10.4554,0.592448,-0.0583185
10.4521,0.594447,-0.0712452
10.4402,0.596092,-0.0675673
10.4418,0.593507,-0.060431
10.448,0.590242,-0.0656649
10.4447,0.590905,-0.0618424
10.4293,0.597365,-0.069645
10.427,0.597733,-0.0764277
10.419,0.599701,-0.0789362
10.4132,0.597969,-0.0868169
10.3958,0.607516,-0.10277
10.4243,0.595049,-0.097189
10.4141,0.599877,-0.101389
10.4212,0.597248,-0.102942
10.4241,0.600868,-0.114722
10.4382,0.59664,-0.122945
10.4283,0.595221,-0.154294
10.4297,0.593235,-0.16093
10.4184,0.592393,-0.152001
10.4137,0.596243,-0.142934
10.4058,0.603362,-0.142438
10.3989,0.604519,-0.1392
10.3996,0.604101,-0.149911
10.399,0.603368,-0.156965
10.3846,0.60935,-0.149496
10.3703,0.610851,-0.167013
10.3719,0.612033,-0.150085
10.3932,0.609499,-0.164155
10.3892,0.610377,-0.160495
10.3951,0.607797,-0.159733
10.3954,0.603619,-0.177989
10.3936,0.602051,-0.188808
10.4067,0.597237,-0.18141
10.4064,0.596949,-0.172699
10.402,0.598867,-0.160581
10.4099,0.598577,-0.167452
10.4087,0.59581,-0.176169
10.412,0.593476,-0.166478
10.4141,0.589157,-0.170855
10.4259,0.581895,-0.168288
10.4208,0.57677,-0.203649
10.4322,0.57314,-0.213276
10.4423,0.573016,-0.217659
10.4388,0.569999,-0.211939
10.4576,0.563801,-0.229907
10.4635,0.5626,-0.201724
10.4575,0.564927,-0.210753
10.4635,0.564784,-0.176674
10.4691,0.55991,-0.179512
10.4649,0.56057,-0.180432
10.4627,0.56599,-0.165883
10.4754,0.558674,-0.160018
10.4542,0.567426,-0.154493
10.4506,0.571632,-0.169491
10.4485,0.57412,-0.191271
10.4564,0.574632,-0.17688
10.443,0.58049,-0.176756
10.4356,0.581716,-0.180826
10.4486,0.578887,-0.177508
10.434,0.581346,-0.196293
10.4204,0.584366,-0.180912
10.4337,0.582818,-0.185165
10.4304,0.581065,-0.180745
10.4356,0.57844,-0.180482
10.4301,0.578332,-0.20235
10.4131,0.589266,-0.18272
10.4095,0.591582,-0.19199
10.4045,0.591507,-0.201839
10.4111,0.588293,-0.216172
10.4153,0.584301,-0.21709
10.3925,0.592904,-0.22116
10.3932,0.59439,-0.211809
10.4006,0.598758,-0.236755
10.4179,0.591977,-0.230258
10.4122,0.588496,-0.229426
10.4181,0.586986,-0.230074
10.4351,0.58674,-0.217946
10.433,0.586902,-0.209583
10.4337,0.584555,-0.207754
10.4274,0.586602,-0.209502
10.3942,0.593602,-0.194052
10.3772,0.596424,-0.203961
10.3902,0.590999,-0.20021
10.3981,0.589145,-0.191421
10.4064,0.583862,-0.19548
10.4055,0.586815,-0.177602
10.3976,0.583222,-0.190985
10.3891,0.590342,-0.179214
10.3676,0.596156,-0.156237
10.4029,0.582104,-0.15532
10.4034,0.58086,-0.160176
10.3996,0.579256,-0.169147
10.3979,0.57587,-0.157845
10.3984,0.572601,-0.160136
10.3971,0.568993,-0.150257
10.4089,0.567262,-0.153437
10.424,0.562131,-0.158755
10.4344,0.556791,-0.177697
10.4292,0.561128,-0.177102
10.4464,0.554916,-0.169532
10.4325,0.557329,-0.177969
10.4194,0.561855,-0.185494
10.4025,0.567685,-0.187598
10.4234,0.567697,-0.175815
10.4326,0.564147,-0.175958
10.424,0.560666,-0.172439
10.4291,0.565162,-0.191411
10.4193,0.564432,-0.178834
10.4113,0.568116,-0.170477
10.4159,0.565784,-0.188246
10.3997,0.566792,-0.182724
10.4126,0.564513,-0.187912
10.4184,0.554378,-0.171779
10.4382,0.545196,-0.180036
10.4237,0.545503,-0.169743
10.416,0.549145,-0.179021
10.4098,0.547302,-0.167261
10.3797,0.555054,-0.183057
10.3774,0.564086,-0.192934
10.3897,0.556074,-0.202615
10.375,0.56474,-0.205082
10.3612,0.568372,-0.219273
10.3522,0.571449,-0.219497
10.3585,0.56887,-0.225245
10.3737,0.562572,-0.24054
10.3649,0.566304,-0.249725
10.3922,0.557998,-0.243848
10.41,0.555023,-0.23723
10.4081,0.55659,-0.231382
10.4125,0.556469,-0.20564
10.4136,0.554773,-0.200395
10.3907,0.560501,-0.193491
10.386,0.562233,-0.180906
10.4052,0.55634,-0.183886
10.4169,0.555591,-0.18875
10.3946,0.563714,-0.210827
10.3921,0.559282,-0.203153
10.3929,0.564804,-0.207114
10.3873,0.566454,-0.213223
10.3992,0.559019,-0.205412
10.3962,0.562293,-0.189012
10.3743,0.570995,-0.192053
10.3825,0.573076,-0.200918
10.3889,0.572441,-0.201236
10.4032,0.565902,-0.196364
10.3801,0.575689,-0.179735
10.3793,0.572193,-0.167666
10.3901,0.568783,-0.153004
10.3915,0.572865,-0.152586
10.3883,0.576635,-0.148196
10.3768,0.584146,-0.144065
10.3758,0.584528,-0.156522
10.3721,0.58234,-0.149477
10.3744,0.583512,-0.143793
10.3614,0.582403,-0.142298
10.372,0.586837,-0.164537
10.3723,0.584916,-0.156025
10.3618,0.593703,-0.160159
10.3497,0.598826,-0.164027
10.3592,0.593139,-0.178393
10.3756,0.582884,-0.183263
10.3702,0.59011,-0.195128
10.3718,0.592476,-0.1984
10.3608,0.597781,-0.196565
10.3787,0.589633,-0.177046
10.377,0.592624,-0.184113
10.3615,0.594462,-0.167594
10.3829,0.587959,-0.160353
10.384,0.588312,-0.146977
10.3689,0.587064,-0.119626
10.3608,0.587482,-0.105442
10.373,0.587858,-0.0824787
10.3814,0.591363,-0.103401
10.3778,0.593787,-0.114003
10.3917,0.585612,-0.113047
10.3934,0.584932,-0.134727
10.387,0.584886,-0.111983
10.3855,0.585555,-0.12563
10.3801,0.584201,-0.123195
10.4031,0.578425,-0.155665
10.3962,0.580993,-0.194383
10.3854,0.582274,-0.187266
10.3757,0.588553,-0.187387
10.3962,0.587449,-0.196166
10.3767,0.593361,-0.189644
10.3733,0.594654,-0.213143
10.3624,0.599977,-0.226285
10.3674,0.60252,-0.212813
10.3759,0.600962,-0.221597
10.3911,0.595851,-0.215519
10.3967,0.594417,-0.213567
10.39,0.596093,-0.202446
10.3856,0.598408,-0.219523
10.4067,0.593969,-0.200154
10.3987,0.596605,-0.210547
10.3883,0.595658,-0.219069
10.3914,0.591094,-0.221794
10.3856,0.594329,-0.218664
10.3631,0.596069,-0.220867
10.3623,0.594277,-0.216413
10.3622,0.596147,-0.206989
10.3672,0.592777,-0.189758
10.368,0.592247,-0.187874
10.3578,0.594904,-0.192979
10.3766,0.590554,-0.212461
10.3815,0.594879,-0.195574
10.3763,0.59961,-0.200686
10.3736,0.599193,-0.212268
10.3596,0.600216,-0.2065
10.3601,0.600308,-0.193129
10.3644,0.598545,-0.185101
10.3648,0.597724,-0.169359
10.3477,0.606251,-0.151774
10.3538,0.602698,-0.13599
10.3567,0.59829,-0.135647
10.3739,0.599602,-0.144815
10.3689,0.599245,-0.14366
10.358,0.60513,-0.141618
10.3639,0.602195,-0.138326
10.3781,0.596158,-0.132129
10.375,0.596593,-0.140259
10.3691,0.596641,-0.125655
10.3812,0.596914,-0.13536
10.3842,0.59613,-0.119034
10.3819,0.595324,-0.116084
10.373,0.598084,-0.116647
10.3734,0.598382,-0.122723
10.3627,0.603629,-0.133806
10.3757,0.60134,-0.141989
10.3761,0.600044,-0.134997
10.3803,0.59935,-0.138309
10.3728,0.601641,-0.133689
10.3752,0.605402,-0.135814
10.3645,0.607982,-0.135277
10.3588,0.611948,-0.132935
10.3612,0.612155,-0.134049
10.3557,0.61182,-0.134351
10.3539,0.611389,-0.130419
10.3479,0.613483,-0.136822
10.3615,0.609683,-0.133588
10.3711,0.608856,-0.117871
10.3771,0.604441,-0.106818
10.3754,0.605202,-0.102401
10.3787,0.605091,-0.110224
10.3833,0.604541,-0.0895137
10.3795,0.607333,-0.0901374
10.3778,0.608557,-0.0788673
10.3789,0.60841,-0.0891137
10.3813,0.607276,-0.090247
10.3656,0.614694,-0.0881771
10.3635,0.612336,-0.0858732
10.3576,0.616927,-0.0884294
10.3509,0.617492,-0.101853
10.3526,0.615447,-0.0938024
10.3585,0.616361,-0.095975
10.3574,0.614488,-0.101593
10.3629,0.615647,-0.0891532
10.3681,0.613419,-0.092283
10.372,0.610261,-0.0949977
10.3622,0.611756,-0.0821677
10.3646,0.613717,-0.0815597
10.3564,0.616677,-0.0870327
10.3447,0.624466,-0.0907487
10.3438,0.625113,-0.0897653
10.3454,0.625368,-0.0818798
10.3544,0.623551,-0.0786912
10.3428,0.6281,-0.072148
10.3481,0.625805,-0.0615215
10.3297,0.629024,-0.0612411
10.331,0.630151,-0.0618014
10.3129,0.637576,-0.0675734
10.3149,0.636549,-0.0714407
10.3336,0.632703,-0.0620507
10.3308,0.630409,-0.0825561
10.3321,0.631541,-0.0712869
10.3272,0.633327,-0.0700647
10.3337,0.632586,-0.0752135
10.3311,0.631562,-0.0758122
10.3242,0.632339,-0.0861936
10.3286,0.633461,-0.088731
10.3309,0.630998,-0.0930675
10.3182,0.635011,-0.0933527
10.3212,0.632418,-0.0975162
10.3299,0.627504,-0.103328
10.3252,0.627835,-0.104926
10.3269,0.627355,-0.104569
10.3309,0.62732,-0.105479
10.3184,0.630826,-0.1035
10.3176,0.632011,-0.10688
10.3301,0.62725,-0.107208
10.3436,0.619365,-0.0961924
10.34,0.619478,-0.10098
10.3499,0.616785,-0.0813633
10.3639,0.611295,-0.0878498
10.368,0.61108,-0.0832599
10.3712,0.610074,-0.0768247
10.3626,0.616176,-0.0557973
10.3648,0.614948,-0.0436627
10.3628,0.614808,-0.0461404
10.3503,0.61557,-0.0279536
10.3382,0.616419,-0.0187873
10.3454,0.61337,-0.0066483
10.3653,0.609281,0.000933322
10.3561,0.614235,-0.0135715
10.3546,0.613393,-0.0148486
10.3588,0.613401,-0.0138547
10.3572,0.616851,-0.00458694
10.3489,0.619275,-0.00889093
10.3489,0.619275,-0.00889093
10.3489,0.619275,-0.00889093
10.3547,0.615814,0.0140156
10.339,0.613916,0.0254162
10.3335,0.617881,0.0287258
10.3574,0.613842,0.042294
10.3492,0.613634,0.0488917
10.3632,0.608069,0.0547485
10.3679,0.606861,0.0432257
10.3709,0.604526,0.0579848
10.3736,0.60234,0.0491928
10.367,0.603703,0.069645
10.3645,0.605643,0.0743093
10.3633,0.606208,0.0637797
10.3671,0.604192,0.0698677
10.361,0.604232,0.0665972
10.361,0.604232,0.0665972
10.367,0.603698,0.0749644
10.3626,0.606053,0.0665869
10.3626,0.606053,0.0665869
10.3662,0.603682,0.0723912
10.3662,0.603682,0.0723912
10.3683,0.602738,0.0774612
10.3586,0.600902,0.0667154
10.3507,0.602722,0.0718538
10.346,0.605975,0.0679669
10.3301,0.605741,0.0663562
10.3285,0.604676,0.0735387
10.3321,0.602983,0.0673052
10.3262,0.60304,0.0447568
10.3225,0.601819,0.0420664
10.3207,0.603828,0.0531262
10.3292,0.598327,0.0473259
10.327,0.594518,0.0440579
10.3359,0.589768,0.0550315
10.3255,0.592503,0.0599914
10.3318,0.590493,0.0620231
10.3164,0.599077,0.0516239
10.3236,0.599302,0.0421688
10.3101,0.605231,0.0353959
10.328,0.595997,0.0278813
10.324,0.598974,0.0149665
10.3311,0.595937,0.00465502
10.3264,0.599467,0.00635997
10.3364,0.596257,0.0060041
10.3215,0.5971,0.0114488
10.327,0.597547,-0.00977964
10.3216,0.599112,-0.0143487
10.3088,0.603929,-0.0168223
10.2941,0.60448,-0.0257323
10.3159,0.59637,-0.0114256
10.3164,0.594966,-0.0193557
10.3166,0.596041,-0.0254946
10.3188,0.592595,-0.0242204
10.3299,0.590285,-0.0265141
10.3232,0.592274,-0.0205825
10.3099,0.596768,-0.0195003
10.3009,0.598314,-0.0207319
10.3165,0.593704,-0.0364522
10.3063,0.598122,-0.0381144
10.3077,0.59263,-0.0363509
10.3259,0.584768,-0.0430097
10.3347,0.578303,-0.050138
10.3314,0.576955,-0.0456549
10.3506,0.571669,0.00640517
10.3571,0.569021,-0.00290327
10.3631,0.569448,-0.00722229
10.3622,0.573278,-0.0164248
10.3572,0.579133,-0.0280321
10.359,0.581563,-0.037415
10.3525,0.585662,-0.0316193
10.3514,0.585036,-0.0284519
10.3512,0.585086,-0.0260505
10.3379,0.591345,-0.0245049
10.3417,0.591242,-0.0319178
10.3312,0.595734,-0.0346084
10.3346,0.600017,-0.0428143
10.3283,0.602203,-0.0470029
10.3247,0.603108,-0.0367512
10.3246,0.604231,-0.0315837
10.3356,0.60449,-0.048197
10.3187,0.608075,-0.0536824
10.3395,0.605743,-0.03145
10.3523,0.600128,-0.0283362
10.3479,0.599907,-0.0180237
10.3427,0.598517,-0.0301248
10.3329,0.599899,-0.0221881
10.3453,0.598027,-0.0336832
10.3464,0.598879,-0.0374278
10.3412,0.598988,-0.0435322
10.3536,0.595689,-0.0456244
10.3516,0.596406,-0.0399924
10.3602,0.592221,-0.0249762
10.3639,0.591794,-0.0191172
10.3658,0.585832,-0.0246091
10.3651,0.584436,-0.0369524
10.3589,0.586185,-0.028874
10.3454,0.592816,-0.0130296
10.3485,0.594445,-0.00305761
10.3627,0.588361,-0.00592195
10.3585,0.589406,-0.00658431
10.3763,0.584556,-0.0101969
10.3745,0.582533,-0.0173248
10.3695,0.586355,-0.0212171
10.3708,0.58553,-0.0174447
10.3495,0.594672,-0.0175268
10.3619,0.592367,-0.0212146
10.3557,0.595409,-0.0147131
10.3512,0.592905,0.00208642
10.364,0.587795,0.0176492
10.3681,0.584569,-0.00913065
10.3742,0.585237,-0.0402834
10.3751,0.58847,-0.0397893
10.3893,0.58615,-0.0461053
10.4162,0.582071,-0.0551804
10.4215,0.579488,-0.0655048
10.4112,0.583459,-0.0694767
10.4347,0.574265,-0.0772387
10.4396,0.575273,-0.0765916
10.4261,0.577108,-0.0699488
10.4399,0.572806,-0.0728935
10.4209,0.578792,-0.077604
10.4536,0.565425,-0.0878493
10.4434,0.566165,-0.0863038
10.4482,0.562166,-0.0747765
10.452,0.559979,-0.0821534
10.4479,0.562195,-0.0837046
10.4552,0.557659,-0.0849659
10.4718,0.55403,-0.0827493
10.4399,0.563211,-0.0860806
10.4516,0.562768,-0.0856527
10.4484,0.562708,-0.0869947
10.4426,0.566563,-0.0866109
10.4473,0.566316,-0.0787942
10.4468,0.556356,-0.076851
10.4378,0.559594,-0.0636491
10.4428,0.557281,-0.0788159
10.4469,0.553131,-0.0773879
10.4415,0.557346,-0.0893502
10.4319,0.55751,-0.0688062
10.4283,0.560298,-0.0645828
10.4144,0.567166,-0.0775382
10.4181,0.567232,-0.0898742
10.4192,0.569089,-0.0848019
10.3998,0.578383,-0.0959773
10.4054,0.578726,-0.10804
10.3796,0.581468,-0.141478
10.3891,0.57717,-0.17278
10.3939,0.573495,-0.155813
10.3998,0.57083,-0.163976
10.4056,0.573838,-0.154739
10.4133,0.571017,-0.139418
10.411,0.571637,-0.138984
10.4084,0.572965,-0.133664
10.398,0.576404,-0.129147
10.4143,0.573001,-0.144391
10.4032,0.574027,-0.142128
10.405,0.573168,-0.147056
10.4175,0.56859,-0.14481
10.4185,0.566732,-0.150773
10.4251,0.56524,-0.158682
10.4306,0.56302,-0.167587
10.4392,0.56002,-0.154614
10.4255,0.56251,-0.163466
10.4163,0.56489,-0.159496
10.4192,0.563265,-0.147918
10.4183,0.564276,-0.140865
10.4248,0.560889,-0.13944
10.4146,0.566481,-0.125127
10.4111,0.568826,-0.130013
10.4106,0.569195,-0.134019
10.4104,0.571321,-0.137072
10.4091,0.570385,-0.135689
10.4108,0.56824,-0.135812
10.4119,0.565306,-0.118005
10.4134,0.562065,-0.116589
10.4078,0.564959,-0.101613
10.394,0.568141,-0.120638
10.4011,0.56657,-0.133146
10.3942,0.56914,-0.131657
10.411,0.566269,-0.138679
10.4114,0.563776,-0.150182
10.4126,0.557131,-0.136848
10.4241,0.552738,-0.132812
10.4098,0.559905,-0.127604
10.4138,0.559844,-0.130944
10.4142,0.560699,-0.15426
10.4198,0.559714,-0.149882
10.4203,0.560426,-0.150186
10.4129,0.567416,-0.151461
10.4135,0.566374,-0.15164
10.4102,0.56406,-0.143013
10.4007,0.570201,-0.145671
10.3984,0.570487,-0.158985
10.4062,0.569048,-0.157363
10.4118,0.56735,-0.153124
10.4129,0.563358,-0.176238
10.4056,0.565935,-0.19542
10.396,0.570209,-0.203129
10.398,0.574113,-0.212556
10.3963,0.573806,-0.209256
10.3993,0.570764,-0.195924
10.401,0.570691,-0.178542
10.4129,0.568591,-0.172748
10.4298,0.560898,-0.190963
10.4371,0.559948,-0.184851
10.4398,0.562189,-0.194832
10.436,0.563143,-0.178972
10.4349,0.565914,-0.17154
10.4266,0.566603,-0.163078
10.4351,0.563426,-0.172977
10.4278,0.56434,-0.175361
10.4228,0.56669,-0.172828
10.4165,0.567956,-0.166397
10.4073,0.571858,-0.160251
10.4117,0.567254,-0.162663
10.4283,0.566537,-0.158201
10.4328,0.562835,-0.159566
10.4268,0.564514,-0.151924
10.4325,0.562686,-0.158495
10.4297,0.565741,-0.154963
10.4284,0.568578,-0.143786
10.4406,0.567108,-0.15536
10.4568,0.561618,-0.15213
10.4607,0.560965,-0.148906
10.4503,0.564191,-0.163015
10.4582,0.558419,-0.156897
10.4501,0.559552,-0.16043
10.4359,0.56587,-0.165394
10.4287,0.572397,-0.187285
10.4284,0.570084,-0.205498
10.4346,0.568111,-0.207451
10.4336,0.572188,-0.204995
10.4387,0.565741,-0.201255
10.4421,0.568184,-0.183215
10.4308,0.57086,-0.1861
10.4334,0.571091,-0.191506
10.4331,0.568199,-0.175503
10.4462,0.566613,-0.161318
10.4495,0.565811,-0.16384
10.459,0.565215,-0.148509
10.4683,0.562403,-0.143934
10.4639,0.564398,-0.139835
10.4574,0.566752,-0.168419
10.4868,0.556669,-0.168919
10.477,0.557526,-0.176203
10.4457,0.567524,-0.175385
10.427,0.579761,-0.175817
10.4416,0.57509,-0.142794
10.4384,0.577507,-0.140906
10.4345,0.579507,-0.12303
10.4218,0.584741,-0.135092
10.4086,0.595013,-0.141506
10.3938,0.599373,-0.122963
10.4093,0.596634,-0.122628
10.4043,0.597508,-0.0987407
10.394,0.598215,-0.0818263
10.3754,0.605683,-0.115929
10.3758,0.602003,-0.113567
10.3707,0.601698,-0.113532
10.3815,0.600759,-0.123528
10.4179,0.587333,-0.135547
10.4249,0.58784,-0.13347
10.43,0.584996,-0.122748
10.4157,0.588511,-0.131961
10.4212,0.589063,-0.134962
10.4213,0.589095,-0.112522
10.4249,0.591401,-0.12132
10.4197,0.59114,-0.117331
10.4375,0.588651,-0.121962
10.4264,0.59452,-0.12751
10.431,0.588668,-0.146308
10.4358,0.58528,-0.15882
10.4292,0.587081,-0.152957
10.4381,0.586437,-0.149814
10.4287,0.592945,-0.136925
10.4258,0.595357,-0.163315
10.4256,0.599354,-0.183315
10.4174,0.601885,-0.204981
10.4177,0.604966,-0.215889
10.4351,0.600442,-0.186088
10.4243,0.604028,-0.196705
10.4353,0.60542,-0.181998
10.4298,0.605267,-0.184295
10.429,0.60398,-0.195653
10.428,0.605289,-0.187333
10.4249,0.605726,-0.200486
10.4262,0.602869,-0.203114
10.4092,0.605015,-0.196756
10.4118,0.602959,-0.190248
10.4106,0.602358,-0.186694
10.408,0.602695,-0.192826
10.4132,0.601447,-0.205594
10.4021,0.609951,-0.175076
10.4051,0.606263,-0.176591
10.4108,0.606392,-0.168336
10.4209,0.605597,-0.169676
10.3935,0.609734,-0.152399
10.3951,0.607499,-0.161629
10.4006,0.607479,-0.161609
10.3955,0.610751,-0.171361
10.3984,0.61235,-0.165557
10.3931,0.611911,-0.170542
10.3847,0.617299,-0.166966
10.3754,0.621023,-0.155426
10.3788,0.617625,-0.154681
10.3748,0.622565,-0.171276
10.3856,0.618993,-0.175167
10.3711,0.626934,-0.19276
10.3731,0.628197,-0.205748
10.3742,0.62826,-0.213843
10.3817,0.623903,-0.225936
10.3848,0.626266,-0.244224
10.387,0.625977,-0.239973
10.3984,0.624223,-0.244726
10.4083,0.623414,-0.256989
10.4023,0.622887,-0.256091
10.4174,0.616933,-0.272183
10.416,0.617342,-0.289308
10.408,0.616033,-0.295122
10.3943,0.619297,-0.297629
10.3939,0.61785,-0.304749
10.3938,0.608598,-0.284729
10.4161,0.605824,-0.293581
10.4065,0.605922,-0.291605
10.3997,0.609143,-0.279759
10.3971,0.610631,-0.273006
10.3835,0.617791,-0.273168
10.3899,0.616035,-0.274813
10.3924,0.614731,-0.276384
10.3924,0.615529,-0.288801
10.3802,0.619892,-0.286923
10.3698,0.622524,-0.297348
10.373,0.62302,-0.309057
10.3732,0.625586,-0.308821
10.367,0.627875,-0.301124
10.3687,0.628799,-0.307486
10.3839,0.621543,-0.331902
10.3845,0.624897,-0.333731
10.3763,0.627168,-0.329701
10.3742,0.628358,-0.328408
10.3921,0.616326,-0.301303
10.4083,0.612168,-0.308255
10.4152,0.603957,-0.317131
10.4047,0.606823,-0.342167
10.3993,0.605732,-0.35168
10.4118,0.602958,-0.336199
10.4177,0.605227,-0.344766
10.4173,0.603191,-0.328998
10.4155,0.601214,-0.329547
10.401,0.603424,-0.333417
10.3916,0.609876,-0.337923
10.3859,0.606428,-0.359349
10.3851,0.603077,-0.35917
10.3817,0.606159,-0.352438
10.386,0.610359,-0.339554
10.3887,0.607991,-0.321634
10.3998,0.60592,-0.325543
10.3867,0.611112,-0.317306
10.363,0.620111,-0.319497
10.3579,0.619869,-0.305745
10.3673,0.617279,-0.327485
10.3669,0.615515,-0.322551
10.3711,0.612934,-0.334337
10.3809,0.613584,-0.351059
10.3918,0.60924,-0.361883
10.3916,0.608155,-0.364935
10.3717,0.614621,-0.325227
10.3657,0.615522,-0.323574
10.3793,0.607757,-0.325312
10.3725,0.61379,-0.344473
10.373,0.613106,-0.329358
10.365,0.620018,-0.326578
10.3687,0.621427,-0.336622
10.3686,0.62272,-0.33234
10.3669,0.625258,-0.324071
10.3667,0.625333,-0.31491
10.3777,0.617592,-0.307937
10.364,0.618665,-0.298205
10.3766,0.616219,-0.312212
10.3754,0.619102,-0.309055
10.3843,0.615264,-0.319605
10.3669,0.621745,-0.311932
10.3418,0.630689,-0.326155
10.3386,0.630425,-0.314181
10.3463,0.630172,-0.326161
10.3645,0.624977,-0.331798
10.3766,0.620452,-0.345119
10.3827,0.617474,-0.350291
10.3767,0.6177,-0.343979
10.3725,0.618594,-0.369071
10.3922,0.60902,-0.353366
10.3976,0.606182,-0.358047
10.4017,0.605605,-0.37519
10.404,0.605248,-0.383315
10.4121,0.601466,-0.390354
10.4089,0.6023,-0.398408
10.4132,0.601598,-0.410604
10.4209,0.600536,-0.427853
10.4284,0.60251,-0.423374
10.4313,0.603682,-0.435668
10.4241,0.606777,-0.414015
10.433,0.602622,-0.42116
10.4256,0.603989,-0.422592
10.4251,0.604955,-0.419609
10.4193,0.605954,-0.420755
10.4089,0.608962,-0.411713
10.3992,0.611801,-0.412153
10.394,0.613531,-0.4266
10.4005,0.612294,-0.420304
10.3896,0.615713,-0.412776
10.3955,0.616545,-0.400051
10.3917,0.615985,-0.400239
10.4047,0.607901,-0.392963
10.3994,0.609074,-0.414468
10.403,0.607792,-0.406944
10.4272,0.600629,-0.392956
10.4142,0.606377,-0.397482
10.4136,0.610113,-0.389609
10.4283,0.607368,-0.403746
10.4275,0.607677,-0.407075
10.4366,0.605061,-0.41687
10.4443,0.599209,-0.42677
10.4301,0.607059,-0.420104
10.4241,0.610299,-0.420665
10.4347,0.614687,-0.418591
10.4267,0.611543,-0.413861
10.4301,0.608054,-0.397796
10.4292,0.605401,-0.382266
10.4361,0.60238,-0.382594
10.4386,0.603239,-0.376948
10.4378,0.604005,-0.375121
10.4441,0.604367,-0.358516
10.4381,0.603113,-0.342972
10.4446,0.601713,-0.332269
10.4396,0.603592,-0.332265
10.4372,0.605091,-0.332877
10.4478,0.600359,-0.328092
10.4432,0.606721,-0.335506
10.4503,0.60636,-0.333307
10.447,0.606784,-0.334012
10.4448,0.60505,-0.338158
10.4504,0.607159,-0.340256
10.4483,0.604032,-0.35586
10.4454,0.608807,-0.344417
10.4431,0.606144,-0.350649
10.432,0.605735,-0.32857
10.4375,0.603426,-0.340713
10.4422,0.600173,-0.353014
10.4376,0.60112,-0.349022
10.4289,0.604211,-0.354494
10.4199,0.607075,-0.358931
10.4265,0.60418,-0.365573
10.4127,0.610649,-0.350482
10.4073,0.607678,-0.348702
10.4108,0.603488,-0.35104
10.4189,0.601566,-0.342492
10.4045,0.611142,-0.360172
10.3879,0.615187,-0.36423
10.3917,0.615615,-0.364024
10.3879,0.614715,-0.366125
10.3944,0.614469,-0.368632
10.3937,0.613808,-0.376312
10.3809,0.619321,-0.378464
10.3965,0.612797,-0.359184
10.4096,0.606816,-0.347303
10.4046,0.605433,-0.348086
10.4171,0.60622,-0.349422
10.4185,0.606169,-0.353734
10.4141,0.611672,-0.352737
10.4112,0.612252,-0.368065
10.4145,0.61022,-0.340292
10.4123,0.611445,-0.33822
10.4322,0.60306,-0.337022
10.4174,0.6101,-0.330165
10.4131,0.613078,-0.315001
10.4183,0.609163,-0.297634
10.4088,0.611345,-0.303868
10.3955,0.611284,-0.300988
10.3941,0.609797,-0.299438
10.3973,0.612813,-0.293046
10.3931,0.613642,-0.29969
10.3942,0.614439,-0.296097
10.4027,0.610562,-0.306467
10.386,0.619358,-0.328838
10.3783,0.619941,-0.345257
10.3728,0.615489,-0.328064
10.3863,0.612015,-0.347785
10.3846,0.611831,-0.345535
10.3852,0.61195,-0.337893
10.3768,0.621725,-0.334905
10.4062,0.612124,-0.353968
10.377,0.622102,-0.370902
10.3622,0.624073,-0.370896
10.364,0.625324,-0.383885
10.3679,0.623116,-0.376009
10.3854,0.622745,-0.37985
10.3676,0.634048,-0.378782
10.3645,0.63393,-0.381205
10.3785,0.626743,-0.388682
10.3896,0.620893,-0.385747
10.387,0.62383,-0.373122
10.3891,0.62386,-0.371195
10.384,0.628168,-0.362986
10.3869,0.623236,-0.367735
10.3924,0.623544,-0.37055
10.3844,0.624196,-0.358383
10.3787,0.629942,-0.356422
10.3757,0.630261,-0.350684
10.3655,0.636196,-0.360876
10.3726,0.633642,-0.359252
10.3667,0.637111,-0.351005
10.3779,0.632201,-0.354848
10.3782,0.63135,-0.344675
10.3988,0.625667,-0.341926
10.4144,0.623056,-0.338553
10.4319,0.613734,-0.323658
10.4382,0.605854,-0.328775
10.4532,0.601809,-0.320931
10.4432,0.604295,-0.309427
10.452,0.601301,-0.325774
10.4583,0.597234,-0.327883
10.4712,0.592134,-0.323014
10.475,0.591695,-0.333919
10.493,0.587188,-0.334346
10.4976,0.585699,-0.327598
10.4998,0.585668,-0.337423
10.4914,0.58958,-0.335203
10.4817,0.591903,-0.311844
10.4757,0.593513,-0.329373
10.4711,0.599686,-0.316154
10.4569,0.603771,-0.313995
10.4769,0.597655,-0.30323
10.4718,0.600344,-0.303556
10.4696,0.603909,-0.309318
10.4559,0.607617,-0.31642
10.4435,0.607963,-0.317635
10.4516,0.602216,-0.304717
10.4619,0.598738,-0.308581
10.4615,0.599229,-0.307886
10.4614,0.59854,-0.319869
10.4586,0.598348,-0.327084
10.4532,0.599341,-0.331878
10.4519,0.59966,-0.32896
10.4508,0.599962,-0.328875
10.4566,0.59881,-0.324462
10.4654,0.597593,-0.324303
10.4702,0.600702,-0.332721
10.4592,0.60485,-0.331779
10.4491,0.608299,-0.338438
10.4431,0.612354,-0.327925
10.4355,0.615539,-0.333427
10.4373,0.617001,-0.334686
10.4307,0.617537,-0.330464
10.4237,0.621334,-0.33743
10.4166,0.623228,-0.345077
10.4164,0.625017,-0.346875
10.4112,0.624904,-0.3559
10.4083,0.626206,-0.363417
10.4027,0.627072,-0.361013
10.3996,0.628014,-0.356759
10.3991,0.628969,-0.349815
10.4089,0.627582,-0.337412
10.4213,0.623107,-0.330692
10.4229,0.623344,-0.327136
10.4292,0.620163,-0.326076
10.435,0.617089,-0.334363
10.4329,0.617088,-0.339008
10.4487,0.610121,-0.335375
10.452,0.606407,-0.33273
10.4405,0.611794,-0.347646
10.4568,0.609617,-0.34116
10.4517,0.612236,-0.338189
10.4542,0.609657,-0.339547
10.4535,0.60889,-0.33018
10.4462,0.613745,-0.342977
10.4461,0.611927,-0.345668
10.4473,0.607161,-0.353249
10.4327,0.611966,-0.365702
10.4324,0.613924,-0.364335
10.4319,0.613659,-0.375104
10.4336,0.612719,-0.36471
10.4285,0.615082,-0.351032
10.4258,0.616377,-0.355958
10.4312,0.615792,-0.355993
10.4326,0.613129,-0.359786
10.4242,0.617727,-0.342898
10.4329,0.617115,-0.349564
10.4283,0.619687,-0.356749
10.4404,0.614724,-0.351456
10.4447,0.614188,-0.33291
10.4482,0.617327,-0.331089
10.4441,0.616,-0.328093
10.4559,0.61477,-0.338196
10.4544,0.615676,-0.345475
10.4536,0.616808,-0.333
10.4699,0.611085,-0.329428
10.4745,0.605492,-0.334968
10.4769,0.598589,-0.328744
10.4494,0.607555,-0.304597
10.438,0.616492,-0.31719
10.4451,0.616754,-0.341929
10.4511,0.61675,-0.325995
10.4361,0.620715,-0.344939
10.429,0.623072,-0.341168
10.4292,0.620562,-0.352636
10.4344,0.618518,-0.364352
10.4342,0.616475,-0.353844
10.4321,0.61965,-0.356746
10.4363,0.618569,-0.35349
10.4397,0.617038,-0.354593
10.4296,0.620136,-0.351098
10.4256,0.624329,-0.361384
10.4334,0.62057,-0.368309
