"file","caption","category","png_time","StartTime"
"bio1_sizeatage.png","Length at age in the beginning of the year (or season) in the ending year of the model. Shaded area indicates 95% distribution of length at age around estimated growth curve.","Bio",2019-08-26 15:17:27,"StartTime: Mon Aug 05 14:17:30 2019"
"bio2_sizeatage_plus_CV_and_SD.png","Length at age (top-left panel) with CV (thick line) and SD (thin line) of length at age shown in top-right and lower-left panels","Bio",2019-08-26 15:17:27,"StartTime: Mon Aug 05 14:17:30 2019"
"bio3_sizeatage_plus_WT_and_MAT.png","Length at age (top-left panel) with weight (thick line) and maturity (thin line) shown in top-right and lower-left panels","Bio",2019-08-26 15:17:27,"StartTime: Mon Aug 05 14:17:30 2019"
"bio1B_len_at_age_matrix_1.png","Distribution of length at age for seas: 1 sub_seas: 1 morph: 1","Bio",2019-08-26 15:17:27,"StartTime: Mon Aug 05 14:17:30 2019"
"bio1B_len_at_age_matrix_2.png","Distribution of length at age for seas: 1 sub_seas: 2 morph: 1","Bio",2019-08-26 15:17:27,"StartTime: Mon Aug 05 14:17:30 2019"
"bio5_weightatsize.png","Weight-length relationship","Bio",2019-08-26 15:17:27,"StartTime: Mon Aug 05 14:17:30 2019"
"bio6_maturity.png","Maturity at length","Bio",2019-08-26 15:17:27,"StartTime: Mon Aug 05 14:17:30 2019"
"bio10_spawningoutput_len.png","Spawning output at length. This is the product of maturity and fecundity unless maturity is age-based, in which case only fecundity is represented.","Bio",2019-08-26 15:17:27,"StartTime: Mon Aug 05 14:17:30 2019"
"bio11_spawningoutput_age.png","Spawning output at age. This is the product of maturity and fecundity. When these processes are length-based they are converted into the age dimension using the matrix of length at age.","Bio",2019-08-26 15:17:27,"StartTime: Mon Aug 05 14:17:30 2019"
"sel01_multiple_fleets_length1.png","Selectivity at length for multiple fleets.","Sel",2019-08-26 15:17:27,"StartTime: Mon Aug 05 14:17:30 2019"
"sel02_multiple_fleets_age1.png","Selectivity at age for multiple fleets.","Sel",2019-08-26 15:17:27,"StartTime: Mon Aug 05 14:17:30 2019"
"sel02_multiple_fleets_age2.png","Selectivity at age derived from selectivity at length for multiple fleets.","Sel",2019-08-26 15:17:27,"StartTime: Mon Aug 05 14:17:30 2019"
"sel09_len_flt10sex1.png","Ending year selectivity for VIDEO","Sel",2019-08-26 15:17:27,"StartTime: Mon Aug 05 14:17:30 2019"
"sel09_len_flt11sex1.png","Ending year selectivity for SEAMAP","Sel",2019-08-26 15:17:27,"StartTime: Mon Aug 05 14:17:30 2019"
"sel11_timevary_surf_flt1sex1.png","Time-varying selectivity for CM_E","Sel",2019-08-26 15:17:27,"StartTime: Mon Aug 05 14:17:30 2019"
"sel12_timevary_contour_flt1sex1.png","Time-varying selectivity for CM_E","Sel",2019-08-26 15:17:27,"StartTime: Mon Aug 05 14:17:30 2019"
"sel13_age_flt1sex1.png","Ending year selectivity for CM_E","Sel",2019-08-26 15:17:27,"StartTime: Mon Aug 05 14:17:30 2019"
"sel11_timevary_surf_flt2sex1.png","Time-varying selectivity for CM_W","Sel",2019-08-26 15:17:27,"StartTime: Mon Aug 05 14:17:30 2019"
"sel12_timevary_contour_flt2sex1.png","Time-varying selectivity for CM_W","Sel",2019-08-26 15:17:27,"StartTime: Mon Aug 05 14:17:30 2019"
"sel13_age_flt2sex1.png","Ending year selectivity for CM_W","Sel",2019-08-26 15:17:27,"StartTime: Mon Aug 05 14:17:30 2019"
"sel14_age_flt3sex1.png","Ending year selectivity for REC","Sel",2019-08-26 15:17:27,"StartTime: Mon Aug 05 14:17:30 2019"
"sel14_age_flt4sex1.png","Ending year selectivity for SMP_BYC","Sel",2019-08-26 15:17:27,"StartTime: Mon Aug 05 14:17:30 2019"
"sel14_age_flt5sex1.png","Ending year selectivity for HB_E","Sel",2019-08-26 15:17:27,"StartTime: Mon Aug 05 14:17:30 2019"
"sel14_age_flt6sex1.png","Ending year selectivity for HB_W","Sel",2019-08-26 15:17:27,"StartTime: Mon Aug 05 14:17:30 2019"
"sel11_timevary_surf_flt7sex1.png","Time-varying selectivity for CM_E_IFQ","Sel",2019-08-26 15:17:27,"StartTime: Mon Aug 05 14:17:30 2019"
"sel12_timevary_contour_flt7sex1.png","Time-varying selectivity for CM_E_IFQ","Sel",2019-08-26 15:17:27,"StartTime: Mon Aug 05 14:17:30 2019"
"sel13_age_flt7sex1.png","Ending year selectivity for CM_E_IFQ","Sel",2019-08-26 15:17:27,"StartTime: Mon Aug 05 14:17:30 2019"
"sel11_timevary_surf_flt8sex1.png","Time-varying selectivity for CM_W_IFQ","Sel",2019-08-26 15:17:27,"StartTime: Mon Aug 05 14:17:30 2019"
"sel12_timevary_contour_flt8sex1.png","Time-varying selectivity for CM_W_IFQ","Sel",2019-08-26 15:17:27,"StartTime: Mon Aug 05 14:17:30 2019"
"sel13_age_flt8sex1.png","Ending year selectivity for CM_W_IFQ","Sel",2019-08-26 15:17:27,"StartTime: Mon Aug 05 14:17:30 2019"
"sel21_agelen_contour_flt10sex1.png","Ending year selectivity and growth for VIDEO","Sel",2019-08-26 15:17:27,"StartTime: Mon Aug 05 14:17:30 2019"
"sel21_agelen_contour_flt11sex1.png","Ending year selectivity and growth for SEAMAP","Sel",2019-08-26 15:17:27,"StartTime: Mon Aug 05 14:17:30 2019"
"ts1_Total_biomass_(mt).png","Total biomass (mt)","Timeseries",2019-08-26 15:17:27,"StartTime: Mon Aug 05 14:17:30 2019"
"ts1_Total_biomass_(mt)_with_forecast_forecast.png","Total biomass (mt) with forecast","Timeseries",2019-08-26 15:17:27,"StartTime: Mon Aug 05 14:17:30 2019"
"ts4_Summary_biomass_(mt).png","Summary biomass (mt)","Timeseries",2019-08-26 15:17:27,"StartTime: Mon Aug 05 14:17:30 2019"
"ts4_Summary_biomass_(mt)_with_forecast_forecast.png","Summary biomass (mt) with forecast","Timeseries",2019-08-26 15:17:27,"StartTime: Mon Aug 05 14:17:30 2019"
"ts7_Spawning_output.png","Spawning output","Timeseries",2019-08-26 15:17:27,"StartTime: Mon Aug 05 14:17:30 2019"
"ts7_Spawning_output_with_forecast_forecast.png","Spawning output with forecast","Timeseries",2019-08-26 15:17:27,"StartTime: Mon Aug 05 14:17:30 2019"
"ts9_Fraction_of_unfished.png","Fraction of unfished","Timeseries",2019-08-26 15:17:27,"StartTime: Mon Aug 05 14:17:30 2019"
"ts9_Fraction_of_unfished_with_forecast_forecast.png","Fraction of unfished with forecast","Timeseries",2019-08-26 15:17:27,"StartTime: Mon Aug 05 14:17:30 2019"
"ts11_Age-0_recruits_(1000s).png","Age-0 recruits (1,000s)","Timeseries",2019-08-26 15:17:27,"StartTime: Mon Aug 05 14:17:30 2019"
"ts11_Age-0_recruits_(1000s)_with_forecast_forecast.png","Age-0 recruits (1,000s) with forecast","Timeseries",2019-08-26 15:17:27,"StartTime: Mon Aug 05 14:17:30 2019"
"ts_summaryF.png","Summary F (definition of F depends on setting in starter.ss)","Timeseries",2019-08-26 15:17:27,"StartTime: Mon Aug 05 14:17:30 2019"
"recdevs1_points.png","Recruitment deviations","RecDev",2019-08-26 15:17:27,"StartTime: Mon Aug 05 14:17:30 2019"
"SR_curve.png","Stock-recruit curve.  Point colors indicate year, with warmer colors indicating earlier years and cooler colors in showing later years.","S-R",2019-08-26 15:17:27,"StartTime: Mon Aug 05 14:17:30 2019"
"SR_curve2.png","Stock-recruit curve with labels on first, last, and years with (log) deviations > 0.5. Point colors indicate year, with warmer colors indicating earlier years and cooler colors in showing later years.","S-R",2019-08-26 15:17:27,"StartTime: Mon Aug 05 14:17:30 2019"
"SR_resids.png","Deviations around the stock-recruit curve. Labels are on first, last, and years with (log) deviations > 0.5. Point colors indicate year, with warmer colors indicating earlier years and cooler colors in showing later years.","S-R",2019-08-26 15:17:27,"StartTime: Mon Aug 05 14:17:30 2019"
"catch1 landings.png","landings","Catch",2019-08-26 15:17:27,"StartTime: Mon Aug 05 14:17:30 2019"
"catch2 landings stacked.png","landings stacked","Catch",2019-08-26 15:17:27,"StartTime: Mon Aug 05 14:17:30 2019"
"catch3 observed and expected landings (if different).png","observed and expected landings (if different)","Catch",2019-08-26 15:17:27,"StartTime: Mon Aug 05 14:17:30 2019"
"catch4 total catch (including discards).png","total catch (including discards)","Catch",2019-08-26 15:17:27,"StartTime: Mon Aug 05 14:17:30 2019"
"catch5 total catch (including discards) stacked.png","total catch (including discards) stacked","Catch",2019-08-26 15:17:27,"StartTime: Mon Aug 05 14:17:30 2019"
"catch6 discards.png","discards","Catch",2019-08-26 15:17:27,"StartTime: Mon Aug 05 14:17:30 2019"
"catch7 discards stacked plot (depends on multiple fleets).png","discards stacked plot (depends on multiple fleets)","Catch",2019-08-26 15:17:27,"StartTime: Mon Aug 05 14:17:30 2019"
"catch8 discard fraction.png","discard fraction","Catch",2019-08-26 15:17:27,"StartTime: Mon Aug 05 14:17:30 2019"
"catch9 harvest rate.png","harvest rate","Catch",2019-08-26 15:17:27,"StartTime: Mon Aug 05 14:17:30 2019"
"catch16 landings + dead discards.png"," landings + dead discards","Catch",2019-08-26 15:17:27,"StartTime: Mon Aug 05 14:17:30 2019"
"SPR1_series.png","Timeseries of SPR","SPR",2019-08-26 15:17:27,"StartTime: Mon Aug 05 14:17:30 2019"
"SPR2_minusSPRseries.png","Timeseries of 1-SPR","SPR",2019-08-26 15:17:27,"StartTime: Mon Aug 05 14:17:30 2019"
"SPR4_phase.png","Phase plot of biomass ratio vs. SPR ratio","SPR",2019-08-26 15:17:27,"StartTime: Mon Aug 05 14:17:30 2019"
"discard_dataSMP_BYC.png","Total discard for SMP_BYC","Discard",2019-08-26 15:17:27,"StartTime: Mon Aug 05 14:17:30 2019"
"discard_fitSMP_BYC.png","Total discard for SMP_BYC","Discard",2019-08-26 15:17:27,"StartTime: Mon Aug 05 14:17:30 2019"
"index1_cpuedata_CM_E.png","Index data for CM_E. Lines indicate 95% uncertainty interval around index values. Thicker lines (if present) indicate input uncertainty before addition of estimated additional uncertainty parameter.","Index",2019-08-26 15:17:27,"StartTime: Mon Aug 05 14:17:30 2019"
"index2_cpuefit_CM_E.png","Fit to index data for CM_E. Lines indicate 95% uncertainty interval around index values. Thicker lines (if present) indicate input uncertainty before addition of estimated additional uncertainty parameter.","Index",2019-08-26 15:17:27,"StartTime: Mon Aug 05 14:17:30 2019"
"index3_cpuecheck_CM_E.png","Observed vs. expected index values with smoother for CM_E","Index",2019-08-26 15:17:27,"StartTime: Mon Aug 05 14:17:30 2019"
"index4_logcpuedata_CM_E.png","Log index data for CM_E. Lines indicate 95% uncertainty interval around index values. Thicker lines (if present) indicate input uncertainty before addition of estimated additional uncertainty parameter.","Index",2019-08-26 15:17:27,"StartTime: Mon Aug 05 14:17:30 2019"
"index5_logcpuefit_CM_E.png","Fit to log index data on log scale for CM_E. Lines indicate 95% uncertainty interval around index values. Thicker lines (if present) indicate input uncertainty before addition of estimated additional uncertainty parameter.","Index",2019-08-26 15:17:27,"StartTime: Mon Aug 05 14:17:30 2019"
"index6_logcpuecheck_CM_E.png","log(observed) vs. log(expected) index values with smoother for CM_E","Index",2019-08-26 15:17:27,"StartTime: Mon Aug 05 14:17:30 2019"
"index1_cpuedata_CM_W.png","Index data for CM_W. Lines indicate 95% uncertainty interval around index values. Thicker lines (if present) indicate input uncertainty before addition of estimated additional uncertainty parameter.","Index",2019-08-26 15:17:27,"StartTime: Mon Aug 05 14:17:30 2019"
"index2_cpuefit_CM_W.png","Fit to index data for CM_W. Lines indicate 95% uncertainty interval around index values. Thicker lines (if present) indicate input uncertainty before addition of estimated additional uncertainty parameter.","Index",2019-08-26 15:17:27,"StartTime: Mon Aug 05 14:17:30 2019"
"index3_cpuecheck_CM_W.png","Observed vs. expected index values with smoother for CM_W","Index",2019-08-26 15:17:27,"StartTime: Mon Aug 05 14:17:30 2019"
"index4_logcpuedata_CM_W.png","Log index data for CM_W. Lines indicate 95% uncertainty interval around index values. Thicker lines (if present) indicate input uncertainty before addition of estimated additional uncertainty parameter.","Index",2019-08-26 15:17:27,"StartTime: Mon Aug 05 14:17:30 2019"
"index5_logcpuefit_CM_W.png","Fit to log index data on log scale for CM_W. Lines indicate 95% uncertainty interval around index values. Thicker lines (if present) indicate input uncertainty before addition of estimated additional uncertainty parameter.","Index",2019-08-26 15:17:27,"StartTime: Mon Aug 05 14:17:30 2019"
"index6_logcpuecheck_CM_W.png","log(observed) vs. log(expected) index values with smoother for CM_W","Index",2019-08-26 15:17:27,"StartTime: Mon Aug 05 14:17:30 2019"
"index1_cpuedata_REC.png","Index data for REC. Lines indicate 95% uncertainty interval around index values. Thicker lines (if present) indicate input uncertainty before addition of estimated additional uncertainty parameter.","Index",2019-08-26 15:17:27,"StartTime: Mon Aug 05 14:17:30 2019"
"index2_cpuefit_REC.png","Fit to index data for REC. Lines indicate 95% uncertainty interval around index values. Thicker lines (if present) indicate input uncertainty before addition of estimated additional uncertainty parameter.","Index",2019-08-26 15:17:27,"StartTime: Mon Aug 05 14:17:30 2019"
"index3_cpuecheck_REC.png","Observed vs. expected index values with smoother for REC","Index",2019-08-26 15:17:27,"StartTime: Mon Aug 05 14:17:30 2019"
"index4_logcpuedata_REC.png","Log index data for REC. Lines indicate 95% uncertainty interval around index values. Thicker lines (if present) indicate input uncertainty before addition of estimated additional uncertainty parameter.","Index",2019-08-26 15:17:27,"StartTime: Mon Aug 05 14:17:30 2019"
"index5_logcpuefit_REC.png","Fit to log index data on log scale for REC. Lines indicate 95% uncertainty interval around index values. Thicker lines (if present) indicate input uncertainty before addition of estimated additional uncertainty parameter.","Index",2019-08-26 15:17:27,"StartTime: Mon Aug 05 14:17:30 2019"
"index6_logcpuecheck_REC.png","log(observed) vs. log(expected) index values with smoother for REC","Index",2019-08-26 15:17:27,"StartTime: Mon Aug 05 14:17:30 2019"
"index1_cpuedata_SMP_BYC.png","Index data for SMP_BYC. Lines indicate 95% uncertainty interval around index values. Thicker lines (if present) indicate input uncertainty before addition of estimated additional uncertainty parameter.","Index",2019-08-26 15:17:27,"StartTime: Mon Aug 05 14:17:30 2019"
"index2_cpuefit_SMP_BYC.png","Fit to index data for SMP_BYC. Lines indicate 95% uncertainty interval around index values. Thicker lines (if present) indicate input uncertainty before addition of estimated additional uncertainty parameter.","Index",2019-08-26 15:17:27,"StartTime: Mon Aug 05 14:17:30 2019"
"index3_cpuecheck_SMP_BYC.png","Observed vs. expected index values with smoother for SMP_BYC","Index",2019-08-26 15:17:27,"StartTime: Mon Aug 05 14:17:30 2019"
"index4_logcpuedata_SMP_BYC.png","Log index data for SMP_BYC. Lines indicate 95% uncertainty interval around index values. Thicker lines (if present) indicate input uncertainty before addition of estimated additional uncertainty parameter.","Index",2019-08-26 15:17:27,"StartTime: Mon Aug 05 14:17:30 2019"
"index5_logcpuefit_SMP_BYC.png","Fit to log index data on log scale for SMP_BYC. Lines indicate 95% uncertainty interval around index values. Thicker lines (if present) indicate input uncertainty before addition of estimated additional uncertainty parameter.","Index",2019-08-26 15:17:27,"StartTime: Mon Aug 05 14:17:30 2019"
"index6_logcpuecheck_SMP_BYC.png","log(observed) vs. log(expected) index values with smoother for SMP_BYC","Index",2019-08-26 15:17:27,"StartTime: Mon Aug 05 14:17:30 2019"
"index8_Q_vs_Vuln_bio_SMP_BYC.png","Catchability vs. vulnerable biomass for fleet SMP_BYC<br> 
This plot should illustrate curvature of nonlinear catchability relationship<br> 
Or reveal patterns associated with random-walk catchability<br> 
It was inspired by Jim Thorson, so blame him if you don't like it.","Index",2019-08-26 15:17:27,"StartTime: Mon Aug 05 14:17:30 2019"
"index1_cpuedata_HB_E.png","Index data for HB_E. Lines indicate 95% uncertainty interval around index values. Thicker lines (if present) indicate input uncertainty before addition of estimated additional uncertainty parameter.","Index",2019-08-26 15:17:27,"StartTime: Mon Aug 05 14:17:30 2019"
"index2_cpuefit_HB_E.png","Fit to index data for HB_E. Lines indicate 95% uncertainty interval around index values. Thicker lines (if present) indicate input uncertainty before addition of estimated additional uncertainty parameter.","Index",2019-08-26 15:17:27,"StartTime: Mon Aug 05 14:17:30 2019"
"index3_cpuecheck_HB_E.png","Observed vs. expected index values with smoother for HB_E","Index",2019-08-26 15:17:27,"StartTime: Mon Aug 05 14:17:30 2019"
"index4_logcpuedata_HB_E.png","Log index data for HB_E. Lines indicate 95% uncertainty interval around index values. Thicker lines (if present) indicate input uncertainty before addition of estimated additional uncertainty parameter.","Index",2019-08-26 15:17:27,"StartTime: Mon Aug 05 14:17:30 2019"
"index5_logcpuefit_HB_E.png","Fit to log index data on log scale for HB_E. Lines indicate 95% uncertainty interval around index values. Thicker lines (if present) indicate input uncertainty before addition of estimated additional uncertainty parameter.","Index",2019-08-26 15:17:27,"StartTime: Mon Aug 05 14:17:30 2019"
"index6_logcpuecheck_HB_E.png","log(observed) vs. log(expected) index values with smoother for HB_E","Index",2019-08-26 15:17:27,"StartTime: Mon Aug 05 14:17:30 2019"
"index1_cpuedata_HB_W.png","Index data for HB_W. Lines indicate 95% uncertainty interval around index values. Thicker lines (if present) indicate input uncertainty before addition of estimated additional uncertainty parameter.","Index",2019-08-26 15:17:27,"StartTime: Mon Aug 05 14:17:30 2019"
"index2_cpuefit_HB_W.png","Fit to index data for HB_W. Lines indicate 95% uncertainty interval around index values. Thicker lines (if present) indicate input uncertainty before addition of estimated additional uncertainty parameter.","Index",2019-08-26 15:17:27,"StartTime: Mon Aug 05 14:17:30 2019"
"index3_cpuecheck_HB_W.png","Observed vs. expected index values with smoother for HB_W","Index",2019-08-26 15:17:27,"StartTime: Mon Aug 05 14:17:30 2019"
"index4_logcpuedata_HB_W.png","Log index data for HB_W. Lines indicate 95% uncertainty interval around index values. Thicker lines (if present) indicate input uncertainty before addition of estimated additional uncertainty parameter.","Index",2019-08-26 15:17:27,"StartTime: Mon Aug 05 14:17:30 2019"
"index5_logcpuefit_HB_W.png","Fit to log index data on log scale for HB_W. Lines indicate 95% uncertainty interval around index values. Thicker lines (if present) indicate input uncertainty before addition of estimated additional uncertainty parameter.","Index",2019-08-26 15:17:27,"StartTime: Mon Aug 05 14:17:30 2019"
"index6_logcpuecheck_HB_W.png","log(observed) vs. log(expected) index values with smoother for HB_W","Index",2019-08-26 15:17:27,"StartTime: Mon Aug 05 14:17:30 2019"
"index1_cpuedata_CM_E_IFQ.png","Index data for CM_E_IFQ. Lines indicate 95% uncertainty interval around index values. Thicker lines (if present) indicate input uncertainty before addition of estimated additional uncertainty parameter.","Index",2019-08-26 15:17:27,"StartTime: Mon Aug 05 14:17:30 2019"
"index2_cpuefit_CM_E_IFQ.png","Fit to index data for CM_E_IFQ. Lines indicate 95% uncertainty interval around index values. Thicker lines (if present) indicate input uncertainty before addition of estimated additional uncertainty parameter.","Index",2019-08-26 15:17:27,"StartTime: Mon Aug 05 14:17:30 2019"
"index3_cpuecheck_CM_E_IFQ.png","Observed vs. expected index values with smoother for CM_E_IFQ","Index",2019-08-26 15:17:27,"StartTime: Mon Aug 05 14:17:30 2019"
"index4_logcpuedata_CM_E_IFQ.png","Log index data for CM_E_IFQ. Lines indicate 95% uncertainty interval around index values. Thicker lines (if present) indicate input uncertainty before addition of estimated additional uncertainty parameter.","Index",2019-08-26 15:17:27,"StartTime: Mon Aug 05 14:17:30 2019"
"index5_logcpuefit_CM_E_IFQ.png","Fit to log index data on log scale for CM_E_IFQ. Lines indicate 95% uncertainty interval around index values. Thicker lines (if present) indicate input uncertainty before addition of estimated additional uncertainty parameter.","Index",2019-08-26 15:17:27,"StartTime: Mon Aug 05 14:17:30 2019"
"index6_logcpuecheck_CM_E_IFQ.png","log(observed) vs. log(expected) index values with smoother for CM_E_IFQ","Index",2019-08-26 15:17:27,"StartTime: Mon Aug 05 14:17:30 2019"
"index1_cpuedata_CM_W_IFQ.png","Index data for CM_W_IFQ. Lines indicate 95% uncertainty interval around index values. Thicker lines (if present) indicate input uncertainty before addition of estimated additional uncertainty parameter.","Index",2019-08-26 15:17:27,"StartTime: Mon Aug 05 14:17:30 2019"
"index2_cpuefit_CM_W_IFQ.png","Fit to index data for CM_W_IFQ. Lines indicate 95% uncertainty interval around index values. Thicker lines (if present) indicate input uncertainty before addition of estimated additional uncertainty parameter.","Index",2019-08-26 15:17:27,"StartTime: Mon Aug 05 14:17:30 2019"
"index3_cpuecheck_CM_W_IFQ.png","Observed vs. expected index values with smoother for CM_W_IFQ","Index",2019-08-26 15:17:27,"StartTime: Mon Aug 05 14:17:30 2019"
"index4_logcpuedata_CM_W_IFQ.png","Log index data for CM_W_IFQ. Lines indicate 95% uncertainty interval around index values. Thicker lines (if present) indicate input uncertainty before addition of estimated additional uncertainty parameter.","Index",2019-08-26 15:17:27,"StartTime: Mon Aug 05 14:17:30 2019"
"index5_logcpuefit_CM_W_IFQ.png","Fit to log index data on log scale for CM_W_IFQ. Lines indicate 95% uncertainty interval around index values. Thicker lines (if present) indicate input uncertainty before addition of estimated additional uncertainty parameter.","Index",2019-08-26 15:17:27,"StartTime: Mon Aug 05 14:17:30 2019"
"index6_logcpuecheck_CM_W_IFQ.png","log(observed) vs. log(expected) index values with smoother for CM_W_IFQ","Index",2019-08-26 15:17:27,"StartTime: Mon Aug 05 14:17:30 2019"
"index1_cpuedata_LARVAL.png","Index data for LARVAL. Lines indicate 95% uncertainty interval around index values. Thicker lines (if present) indicate input uncertainty before addition of estimated additional uncertainty parameter.","Index",2019-08-26 15:17:27,"StartTime: Mon Aug 05 14:17:30 2019"
"index2_cpuefit_LARVAL.png","Fit to index data for LARVAL. Lines indicate 95% uncertainty interval around index values. Thicker lines (if present) indicate input uncertainty before addition of estimated additional uncertainty parameter.","Index",2019-08-26 15:17:27,"StartTime: Mon Aug 05 14:17:30 2019"
"index3_cpuecheck_LARVAL.png","Observed vs. expected index values with smoother for LARVAL","Index",2019-08-26 15:17:27,"StartTime: Mon Aug 05 14:17:30 2019"
"index4_logcpuedata_LARVAL.png","Log index data for LARVAL. Lines indicate 95% uncertainty interval around index values. Thicker lines (if present) indicate input uncertainty before addition of estimated additional uncertainty parameter.","Index",2019-08-26 15:17:27,"StartTime: Mon Aug 05 14:17:30 2019"
"index5_logcpuefit_LARVAL.png","Fit to log index data on log scale for LARVAL. Lines indicate 95% uncertainty interval around index values. Thicker lines (if present) indicate input uncertainty before addition of estimated additional uncertainty parameter.","Index",2019-08-26 15:17:27,"StartTime: Mon Aug 05 14:17:30 2019"
"index6_logcpuecheck_LARVAL.png","log(observed) vs. log(expected) index values with smoother for LARVAL","Index",2019-08-26 15:17:27,"StartTime: Mon Aug 05 14:17:30 2019"
"index1_cpuedata_VIDEO.png","Index data for VIDEO. Lines indicate 95% uncertainty interval around index values. Thicker lines (if present) indicate input uncertainty before addition of estimated additional uncertainty parameter.","Index",2019-08-26 15:17:27,"StartTime: Mon Aug 05 14:17:30 2019"
"index2_cpuefit_VIDEO.png","Fit to index data for VIDEO. Lines indicate 95% uncertainty interval around index values. Thicker lines (if present) indicate input uncertainty before addition of estimated additional uncertainty parameter.","Index",2019-08-26 15:17:27,"StartTime: Mon Aug 05 14:17:30 2019"
"index3_cpuecheck_VIDEO.png","Observed vs. expected index values with smoother for VIDEO","Index",2019-08-26 15:17:27,"StartTime: Mon Aug 05 14:17:30 2019"
"index4_logcpuedata_VIDEO.png","Log index data for VIDEO. Lines indicate 95% uncertainty interval around index values. Thicker lines (if present) indicate input uncertainty before addition of estimated additional uncertainty parameter.","Index",2019-08-26 15:17:27,"StartTime: Mon Aug 05 14:17:30 2019"
"index5_logcpuefit_VIDEO.png","Fit to log index data on log scale for VIDEO. Lines indicate 95% uncertainty interval around index values. Thicker lines (if present) indicate input uncertainty before addition of estimated additional uncertainty parameter.","Index",2019-08-26 15:17:27,"StartTime: Mon Aug 05 14:17:30 2019"
"index6_logcpuecheck_VIDEO.png","log(observed) vs. log(expected) index values with smoother for VIDEO","Index",2019-08-26 15:17:27,"StartTime: Mon Aug 05 14:17:30 2019"
"index1_cpuedata_SEAMAP.png","Index data for SEAMAP. Lines indicate 95% uncertainty interval around index values. Thicker lines (if present) indicate input uncertainty before addition of estimated additional uncertainty parameter.","Index",2019-08-26 15:17:27,"StartTime: Mon Aug 05 14:17:30 2019"
"index2_cpuefit_SEAMAP.png","Fit to index data for SEAMAP. Lines indicate 95% uncertainty interval around index values. Thicker lines (if present) indicate input uncertainty before addition of estimated additional uncertainty parameter.","Index",2019-08-26 15:17:27,"StartTime: Mon Aug 05 14:17:30 2019"
"index3_cpuecheck_SEAMAP.png","Observed vs. expected index values with smoother for SEAMAP","Index",2019-08-26 15:17:27,"StartTime: Mon Aug 05 14:17:30 2019"
"index4_logcpuedata_SEAMAP.png","Log index data for SEAMAP. Lines indicate 95% uncertainty interval around index values. Thicker lines (if present) indicate input uncertainty before addition of estimated additional uncertainty parameter.","Index",2019-08-26 15:17:27,"StartTime: Mon Aug 05 14:17:30 2019"
"index5_logcpuefit_SEAMAP.png","Fit to log index data on log scale for SEAMAP. Lines indicate 95% uncertainty interval around index values. Thicker lines (if present) indicate input uncertainty before addition of estimated additional uncertainty parameter.","Index",2019-08-26 15:17:27,"StartTime: Mon Aug 05 14:17:30 2019"
"index6_logcpuecheck_SEAMAP.png","log(observed) vs. log(expected) index values with smoother for SEAMAP","Index",2019-08-26 15:17:27,"StartTime: Mon Aug 05 14:17:30 2019"
"index9_standcpueall.png","Standardized indices overlaid","Index",2019-08-26 15:17:27,"StartTime: Mon Aug 05 14:17:30 2019"
"numbers1_sex1_beg.png","Beginning of year expected numbers at age in (max ~ 26.7 million)","Numbers",2019-08-26 15:17:27,"StartTime: Mon Aug 05 14:17:30 2019"
"numbers1_sex1_mid.png","Middle of year expected numbers at age in (max ~ 23.7 million)","Numbers",2019-08-26 15:17:27,"StartTime: Mon Aug 05 14:17:30 2019"
"numbers6_len_sex1.png","Beginning of year expected numbers at length in (max ~ 26.8 million)","Numbers",2019-08-26 15:17:27,"StartTime: Mon Aug 05 14:17:30 2019"
"numbers6_len_sex1.png","Middle of year expected numbers at length in (max ~ 19.6 million)","Numbers",2019-08-26 15:17:27,"StartTime: Mon Aug 05 14:17:30 2019"
"numbers4_equilagecomp.png","Equilibrium age distribution","Numbers",2019-08-26 15:17:27,"StartTime: Mon Aug 05 14:17:30 2019"
"numbers5_ageerrorSD.png","Ageing imprecision: SD of observed age (yr)","Numbers",2019-08-26 15:17:27,"StartTime: Mon Aug 05 14:17:30 2019"
"numbers5_ageerror_matrix_1.png","Ageing imprecision: matrix for method 1 <br>(White = 1.0, Orange = 0.5, Red = 0.0)","Numbers",2019-08-26 15:17:27,"StartTime: Mon Aug 05 14:17:30 2019"
"numbers10_ageerror_matrix_1.png","Distribution of observed age at true age 
 for ageing error type 1","Numbers",2019-08-26 15:17:27,"StartTime: Mon Aug 05 14:17:30 2019"
"comp_lendat_flt10mkt2.png","Length comp data, retained, VIDEO.<br><br>'N adj.' is the input sample size after data-weighting adjustment. N eff. is the calculated effective sample size used in the McAllister-Iannelli tuning method.","CompDat",2019-08-26 15:17:27,"StartTime: Mon Aug 05 14:17:30 2019"
"comp_lendat_bubflt10mkt2.png","Length comp data, retained, VIDEO (max=0.44)","CompDat",2019-08-26 15:17:27,"StartTime: Mon Aug 05 14:17:30 2019"
"comp_lendat_data_weighting_TA1.8_VIDEO.png","Mean length for VIDEO with 95% confidence intervals based on current samples sizes.","CompDat",2019-08-26 15:17:27,"StartTime: Mon Aug 05 14:17:30 2019"
"comp_lendat_flt11mkt2.png","Length comp data, retained, SEAMAP.<br><br>'N adj.' is the input sample size after data-weighting adjustment. N eff. is the calculated effective sample size used in the McAllister-Iannelli tuning method.","CompDat",2019-08-26 15:17:27,"StartTime: Mon Aug 05 14:17:30 2019"
"comp_lendat_bubflt11mkt2.png","Length comp data, retained, SEAMAP (max=0.59)","CompDat",2019-08-26 15:17:27,"StartTime: Mon Aug 05 14:17:30 2019"
"comp_lendat_data_weighting_TA1.8_SEAMAP.png","Mean length for SEAMAP with 95% confidence intervals based on current samples sizes.","CompDat",2019-08-26 15:17:27,"StartTime: Mon Aug 05 14:17:30 2019"
"comp_lendat__aggregated_across_time.png","Length comp data, aggregated across time by fleet.
 <br> Labels 'retained' and 'discard' indicate discarded or retained sampled for each fleet. Panels without this designation represent the whole catch.
","CompDat",2019-08-26 15:17:27,"StartTime: Mon Aug 05 14:17:30 2019"
"comp_lendat__multi-fleet_comparison.png","Length comp data,  comparing across fleets","CompDat",2019-08-26 15:17:27,"StartTime: Mon Aug 05 14:17:30 2019"
"comp_agedat_flt1mkt2_page1.png","Age comp data, retained, CM_E (plot 1 of 2).<br><br>'N adj.' is the input sample size after data-weighting adjustment. N eff. is the calculated effective sample size used in the McAllister-Iannelli tuning method.","CompDat",2019-08-26 15:17:27,"StartTime: Mon Aug 05 14:17:30 2019"
"comp_agedat_flt1mkt2_page2.png","Age comp data, retained, CM_E (plot 2 of 2)","CompDat",2019-08-26 15:17:27,"StartTime: Mon Aug 05 14:17:30 2019"
"comp_agedat_bubflt1mkt2_page2.png","Age comp data, retained, CM_E (max=0.75) (plot 2 of 2)","CompDat",2019-08-26 15:17:27,"StartTime: Mon Aug 05 14:17:30 2019"
"comp_agedat_data_weighting_TA1.8_CM_E.png","Mean age for CM_E with 95% confidence intervals based on current samples sizes.","CompDat",2019-08-26 15:17:27,"StartTime: Mon Aug 05 14:17:30 2019"
"comp_agedat_flt2mkt2_page1.png","Age comp data, retained, CM_W (plot 1 of 2).<br><br>'N adj.' is the input sample size after data-weighting adjustment. N eff. is the calculated effective sample size used in the McAllister-Iannelli tuning method.","CompDat",2019-08-26 15:17:27,"StartTime: Mon Aug 05 14:17:30 2019"
"comp_agedat_flt2mkt2_page2.png","Age comp data, retained, CM_W (plot 2 of 2)","CompDat",2019-08-26 15:17:27,"StartTime: Mon Aug 05 14:17:30 2019"
"comp_agedat_bubflt2mkt2_page2.png","Age comp data, retained, CM_W (max=0.54) (plot 2 of 2)","CompDat",2019-08-26 15:17:27,"StartTime: Mon Aug 05 14:17:30 2019"
"comp_agedat_data_weighting_TA1.8_CM_W.png","Mean age for CM_W with 95% confidence intervals based on current samples sizes.","CompDat",2019-08-26 15:17:27,"StartTime: Mon Aug 05 14:17:30 2019"
"comp_agedat_flt3mkt2_page1.png","Age comp data, retained, REC (plot 1 of 2).<br><br>'N adj.' is the input sample size after data-weighting adjustment. N eff. is the calculated effective sample size used in the McAllister-Iannelli tuning method.","CompDat",2019-08-26 15:17:27,"StartTime: Mon Aug 05 14:17:30 2019"
"comp_agedat_flt3mkt2_page2.png","Age comp data, retained, REC (plot 2 of 2)","CompDat",2019-08-26 15:17:27,"StartTime: Mon Aug 05 14:17:30 2019"
"comp_agedat_bubflt3mkt2_page2.png","Age comp data, retained, REC (max=0.6) (plot 2 of 2)","CompDat",2019-08-26 15:17:27,"StartTime: Mon Aug 05 14:17:30 2019"
"comp_agedat_data_weighting_TA1.8_REC.png","Mean age for REC with 95% confidence intervals based on current samples sizes.","CompDat",2019-08-26 15:17:27,"StartTime: Mon Aug 05 14:17:30 2019"
"comp_agedat__aggregated_across_time.png","Age comp data, aggregated across time by fleet.
 <br> Labels 'retained' and 'discard' indicate discarded or retained sampled for each fleet. Panels without this designation represent the whole catch.
","CompDat",2019-08-26 15:17:27,"StartTime: Mon Aug 05 14:17:30 2019"
"comp_agedat__multi-fleet_comparison.png","Age comp data,  comparing across fleets","CompDat",2019-08-26 15:17:27,"StartTime: Mon Aug 05 14:17:30 2019"
"comp_lenfit_flt10mkt2.png","Length comps, retained, VIDEO.<br><br>'N adj.' is the input sample size after data-weighting adjustment. N eff. is the calculated effective sample size used in the McAllister-Iannelli tuning method.","LenComp",2019-08-26 15:17:27,"StartTime: Mon Aug 05 14:17:30 2019"
"comp_lenfit_residsflt10mkt2.png","Pearson residuals, retained, VIDEO (max=6.5) <br> 
Closed bubbles are positive residuals (observed > expected) and open bubbles are negative residuals (observed < expected).","LenComp",2019-08-26 15:17:27,"StartTime: Mon Aug 05 14:17:30 2019"
"comp_lenfit_sampsize_flt10mkt2.png","N-EffN comparison, Length comps, retained, VIDEO","LenComp",2019-08-26 15:17:27,"StartTime: Mon Aug 05 14:17:30 2019"
"comp_lenfit_data_weighting_TA1.8_VIDEO.png","Mean length for VIDEO with 95% confidence intervals based on current samples sizes.<br>Francis data weighting method TA1.8: thinner intervals (with capped ends) show result of further adjusting sample sizes based on suggested multiplier (with 95% interval) for len data from VIDEO:<br>0.6829 (0.4461-1.7401) <br><br>For more info, see<br> <blockquote>Francis, R.I.C.C. (2011). Data weighting in statistical fisheries stock assessment models. <i>Can. J. Fish. Aquat. Sci.</i> 68: 1124-1138.  <a href=https://doi.org/10.1139/f2011-025> https://doi.org/10.1139/f2011-025</a> </blockquote>","LenComp",2019-08-26 15:17:27,"StartTime: Mon Aug 05 14:17:30 2019"
"comp_lenfit_flt11mkt2.png","Length comps, retained, SEAMAP.<br><br>'N adj.' is the input sample size after data-weighting adjustment. N eff. is the calculated effective sample size used in the McAllister-Iannelli tuning method.","LenComp",2019-08-26 15:17:27,"StartTime: Mon Aug 05 14:17:30 2019"
"comp_lenfit_residsflt11mkt2.png","Pearson residuals, retained, SEAMAP (max=14.45) <br> 
Closed bubbles are positive residuals (observed > expected) and open bubbles are negative residuals (observed < expected).","LenComp",2019-08-26 15:17:27,"StartTime: Mon Aug 05 14:17:30 2019"
"comp_lenfit_sampsize_flt11mkt2.png","N-EffN comparison, Length comps, retained, SEAMAP","LenComp",2019-08-26 15:17:27,"StartTime: Mon Aug 05 14:17:30 2019"
"comp_lenfit_data_weighting_TA1.8_SEAMAP.png","Mean length for SEAMAP with 95% confidence intervals based on current samples sizes.<br>Francis data weighting method TA1.8: thinner intervals (with capped ends) show result of further adjusting sample sizes based on suggested multiplier (with 95% interval) for len data from SEAMAP:<br>0.3585 (0.2425-2.0179) <br><br>For more info, see<br> <blockquote>Francis, R.I.C.C. (2011). Data weighting in statistical fisheries stock assessment models. <i>Can. J. Fish. Aquat. Sci.</i> 68: 1124-1138.  <a href=https://doi.org/10.1139/f2011-025> https://doi.org/10.1139/f2011-025</a> </blockquote>","LenComp",2019-08-26 15:17:27,"StartTime: Mon Aug 05 14:17:30 2019"
"comp_lenfit__aggregated_across_time.png","Length comps, aggregated across time by fleet.
 <br> Labels 'retained' and 'discard' indicate discarded or retained sampled for each fleet. Panels without this designation represent the whole catch.
","LenComp",2019-08-26 15:17:27,"StartTime: Mon Aug 05 14:17:30 2019"
"comp_lenfit__multi-fleet_comparison.png","Pearson residuals,  comparing across fleets <br> 
Closed bubbles are positive residuals (observed > expected) and open bubbles are negative residuals (observed < expected).","LenComp",2019-08-26 15:17:27,"StartTime: Mon Aug 05 14:17:30 2019"
"comp_agefit_flt1mkt2_page1.png","Age comps, retained, CM_E (plot 1 of 2).<br><br>'N adj.' is the input sample size after data-weighting adjustment. N eff. is the calculated effective sample size used in the McAllister-Iannelli tuning method.","AgeComp",2019-08-26 15:17:27,"StartTime: Mon Aug 05 14:17:30 2019"
"comp_agefit_flt1mkt2_page2.png","Age comps, retained, CM_E (plot 2 of 2)","AgeComp",2019-08-26 15:17:27,"StartTime: Mon Aug 05 14:17:30 2019"
"comp_agefit_residsflt1mkt2_page2.png","Pearson residuals, retained, CM_E (max=5.99) (plot 2 of 2) <br> 
Closed bubbles are positive residuals (observed > expected) and open bubbles are negative residuals (observed < expected).","AgeComp",2019-08-26 15:17:27,"StartTime: Mon Aug 05 14:17:30 2019"
"comp_agefit_sampsize_flt1mkt2.png","N-EffN comparison, Age comps, retained, CM_E","AgeComp",2019-08-26 15:17:27,"StartTime: Mon Aug 05 14:17:30 2019"
"comp_agefit_data_weighting_TA1.8_CM_E.png","Mean age for CM_E with 95% confidence intervals based on current samples sizes.<br>Francis data weighting method TA1.8: thinner intervals (with capped ends) show result of further adjusting sample sizes based on suggested multiplier (with 95% interval) for age data from CM_E:<br>0.4039 (0.2637-0.8989) <br><br>For more info, see<br> <blockquote>Francis, R.I.C.C. (2011). Data weighting in statistical fisheries stock assessment models. <i>Can. J. Fish. Aquat. Sci.</i> 68: 1124-1138.  <a href=https://doi.org/10.1139/f2011-025> https://doi.org/10.1139/f2011-025</a> </blockquote>","AgeComp",2019-08-26 15:17:27,"StartTime: Mon Aug 05 14:17:30 2019"
"comp_agefit_flt2mkt2_page1.png","Age comps, retained, CM_W (plot 1 of 2).<br><br>'N adj.' is the input sample size after data-weighting adjustment. N eff. is the calculated effective sample size used in the McAllister-Iannelli tuning method.","AgeComp",2019-08-26 15:17:27,"StartTime: Mon Aug 05 14:17:30 2019"
"comp_agefit_flt2mkt2_page2.png","Age comps, retained, CM_W (plot 2 of 2)","AgeComp",2019-08-26 15:17:27,"StartTime: Mon Aug 05 14:17:30 2019"
"comp_agefit_residsflt2mkt2_page2.png","Pearson residuals, retained, CM_W (max=4.6) (plot 2 of 2) <br> 
Closed bubbles are positive residuals (observed > expected) and open bubbles are negative residuals (observed < expected).","AgeComp",2019-08-26 15:17:27,"StartTime: Mon Aug 05 14:17:30 2019"
"comp_agefit_sampsize_flt2mkt2.png","N-EffN comparison, Age comps, retained, CM_W","AgeComp",2019-08-26 15:17:27,"StartTime: Mon Aug 05 14:17:30 2019"
"comp_agefit_data_weighting_TA1.8_CM_W.png","Mean age for CM_W with 95% confidence intervals based on current samples sizes.<br>Francis data weighting method TA1.8: thinner intervals (with capped ends) show result of further adjusting sample sizes based on suggested multiplier (with 95% interval) for age data from CM_W:<br>0.3396 (0.237-0.6979) <br><br>For more info, see<br> <blockquote>Francis, R.I.C.C. (2011). Data weighting in statistical fisheries stock assessment models. <i>Can. J. Fish. Aquat. Sci.</i> 68: 1124-1138.  <a href=https://doi.org/10.1139/f2011-025> https://doi.org/10.1139/f2011-025</a> </blockquote>","AgeComp",2019-08-26 15:17:27,"StartTime: Mon Aug 05 14:17:30 2019"
"comp_agefit_flt3mkt2_page1.png","Age comps, retained, REC (plot 1 of 2).<br><br>'N adj.' is the input sample size after data-weighting adjustment. N eff. is the calculated effective sample size used in the McAllister-Iannelli tuning method.","AgeComp",2019-08-26 15:17:27,"StartTime: Mon Aug 05 14:17:30 2019"
"comp_agefit_flt3mkt2_page2.png","Age comps, retained, REC (plot 2 of 2)","AgeComp",2019-08-26 15:17:27,"StartTime: Mon Aug 05 14:17:30 2019"
"comp_agefit_residsflt3mkt2_page2.png","Pearson residuals, retained, REC (max=3.52) (plot 2 of 2) <br> 
Closed bubbles are positive residuals (observed > expected) and open bubbles are negative residuals (observed < expected).","AgeComp",2019-08-26 15:17:27,"StartTime: Mon Aug 05 14:17:30 2019"
"comp_agefit_sampsize_flt3mkt2.png","N-EffN comparison, Age comps, retained, REC","AgeComp",2019-08-26 15:17:27,"StartTime: Mon Aug 05 14:17:30 2019"
"comp_agefit_data_weighting_TA1.8_REC.png","Mean age for REC with 95% confidence intervals based on current samples sizes.<br>Francis data weighting method TA1.8: thinner intervals (with capped ends) show result of further adjusting sample sizes based on suggested multiplier (with 95% interval) for age data from REC:<br>0.7236 (0.5176-1.407) <br><br>For more info, see<br> <blockquote>Francis, R.I.C.C. (2011). Data weighting in statistical fisheries stock assessment models. <i>Can. J. Fish. Aquat. Sci.</i> 68: 1124-1138.  <a href=https://doi.org/10.1139/f2011-025> https://doi.org/10.1139/f2011-025</a> </blockquote>","AgeComp",2019-08-26 15:17:27,"StartTime: Mon Aug 05 14:17:30 2019"
"comp_agefit__aggregated_across_time.png","Age comps, aggregated across time by fleet.
 <br> Labels 'retained' and 'discard' indicate discarded or retained sampled for each fleet. Panels without this designation represent the whole catch.
","AgeComp",2019-08-26 15:17:27,"StartTime: Mon Aug 05 14:17:30 2019"
"comp_agefit__multi-fleet_comparison.png","Pearson residuals,  comparing across fleets <br> 
Closed bubbles are positive residuals (observed > expected) and open bubbles are negative residuals (observed < expected).","AgeComp",2019-08-26 15:17:27,"StartTime: Mon Aug 05 14:17:30 2019"
"yield1_yield_curve.png","Yield curve","Yield",2019-08-26 15:17:27,"StartTime: Mon Aug 05 14:17:30 2019"
"yield2_Hilborn_surplus_production.png","Surplus production plot. For interpretation, see<br> <blockquote>Walters, Hilborn, and  Christensen, 2008, Surplus production dynamics in declining and recovering fish populations. <i>Can. J. Fish. Aquat. Sci.</i> 65: 2536-2551.</blockquote>","Yield",2019-08-26 15:17:27,"StartTime: Mon Aug 05 14:17:30 2019"
"data_plot.png","Data presence by year for each fleet and data type","Data",2019-08-26 15:17:27,"StartTime: Mon Aug 05 14:17:30 2019"
"data_plot2.png","Data presence by year for each fleet, where circle area is <br>  relative within a data type. Circles are proportional to <br>  total catch for catches; to precision for indices, discards, and <br>  mean body weight observations; and to total sample size for <br> compositions and mean weight- or length-at-age observations. <br> 'Ghost' observations (not included in the likelihood) have <br> equal size for all years. <br> Note that since the circles are are scaled relative <br>  to maximum within each type, the scaling within separate plots <br>  should not be compared.","Data",2019-08-26 15:17:27,"StartTime: Mon Aug 05 14:17:30 2019"
"parameterchecks.html","Table of estimated parameters sorted by parameters with the largest gradients; any parameter with a gradient value with an absolute value above 0.001 (for SS 3.30 models) or a parameter on bounds is colored in red.","DiagnosticTables",2019-08-26 15:17:27,"StartTime: Mon Aug 05 14:17:30 2019"
